Taxa,PC1,PC2,PC3
FF68_CN1,-124.695230409924,-105.609639906921,67.5070789187829
FF68_CN10,-154.559075622952,-147.840616593226,151.536833671596
FF68_CN100,-157.327232996775,-164.757052103436,164.932684590496
FF68_CN101,-157.294267901083,-164.600516712823,164.77688083572
FF68_CN102,-157.409843681648,-165.113177154685,164.962589273188
FF68_CN103,-157.21408567829,-164.885905443051,164.296748751885
FF68_CN104,-157.314676917969,-164.844290573549,164.916594503866
FF68_CN105,-156.93861128845,-163.097839150869,163.1740289178
FF68_CN106,-157.329862142853,-164.673726273101,164.694321690107
FF68_CN107,-157.274447356042,-164.67658027375,164.966957370939
FF68_CN108,-155.004190852408,-148.883664372075,153.350062751598
FF68_CN109,-157.369406131249,-164.943504631397,164.916209506728
FF68_CN11,-154.191975908177,-147.312251578431,150.48111180197
FF68_CN110,-157.331394626482,-165.467309994418,164.772135608654
FF68_CN111,-157.069945987472,-164.305817350948,164.26160694858
FF68_CN112,-157.261894097237,-164.917108856783,164.296915092695
FF68_CN113,-157.347316328021,-165.188813800777,164.688121258992
FF68_CN114,-157.289916832099,-164.830266879934,164.907695812206
FF68_CN115,-157.294097782905,-164.724794408866,164.714011445211
FF68_CN116,-157.246844859276,-164.186585412869,164.60709588438
FF68_CN117,-157.257829053971,-164.825897617734,164.424179196021
FF68_CN118,-121.158479628835,-67.504539108659,22.1790149496565
FF68_CN119,-157.322364184203,-164.727604870667,164.93796086854
FF68_CN12,-87.3749891192184,-29.4877150279062,-70.0104733322235
FF68_CN120,-123.108086164792,-4.25674633240615,-34.8161225933529
FF68_CN121,-122.061275585082,26.7780419057527,-0.609544043081858
FF68_CN122,761.259978240163,-73.7327320382802,-40.9543179001672
FF68_CN123,-25.2320418000681,37.6370339209426,-190.455917126967
FF68_CN124,-106.534453953017,-38.7524869452544,-40.2007221572435
FF68_CN125,-31.9765116697478,38.1117788985492,-192.101281548996
FF68_CN126,-73.009355289225,30.089292940703,-180.034502925109
FF68_CN127,-36.7686480287796,26.8421779819535,-152.969581408292
FF68_CN128,-118.523762712236,379.478621850005,192.129263811238
FF68_CN129,-116.497493036008,380.613439795544,189.465577183843
FF68_CN13,-96.6182818235287,-31.0675738231359,-50.5289447419428
FF68_CN130,954.181247981389,-52.5727043255123,-33.3626037904724
FF68_CN131,1449.90941758421,-86.8239699972961,50.1800918649502
FF68_CN132,1374.72839807898,-79.9970982976049,46.7571283813893
FF68_CN133,1347.9108911748,-77.4385045354435,44.6497008448151
FF68_CN134,309.502060554373,-5.40795528374696,-60.6503032044264
FF68_CN135,302.792606449656,-34.5415797562484,-111.148121881193
FF68_CN136,134.425873696433,135.723897196949,-97.4009436705404
FF68_CN137,-104.228947558861,-42.0239523836514,-53.7763545641903
FF68_CN138,479.590208320047,15.5945639070744,-96.2183804831958
FF68_CN139,-109.112055301913,3.36622644021669,-90.0179314967918
FF68_CN14,469.335054796839,553.725227778305,297.434154550638
FF68_CN140,-77.3388225022726,48.6701051101293,-133.942500089118
FF68_CN141,-20.7481925060549,22.2876269365658,-157.803178703348
FF68_CN142,1328.20039043277,-90.3142825204191,16.3499110505378
FF68_CN143,-42.196295671527,47.2237549734183,-192.269057715138
FF68_CN144,-127.642581037923,-88.1917611374206,52.572386647689
FF68_CN145,-129.014693442016,-126.119365200488,86.6026717842451
FF68_CN146,-124.288107461585,-132.940998880267,98.5830065493029
FF68_CN147,-99.5746630144364,431.992530058459,110.68236482593
FF68_CN148,-157.173288525677,-164.623672882659,164.041988712385
FF68_CN149,-113.433381130907,-9.73927335190674,-15.3019283644838
FF68_CN15,-156.937974104034,-164.141844884087,163.095218717933
FF68_CN150,-89.4609015774076,13.4172256758493,-139.977005594735
FF68_CN151,-68.579720457383,23.1840543053902,-163.146785037184
FF68_CN152,-154.555971272681,-147.77724186758,151.636489233337
FF68_CN153,-104.533815804187,-8.51055687060612,-13.3708623769723
FF68_CN154,-119.730384875875,-86.1609248905312,19.4273881824945
FF68_CN155,518.120559037044,534.28899498877,313.742944066341
FF68_CN156,-155.172203931356,-146.972467516053,154.519883538222
FF68_CN157,-123.205150602924,-93.2495052543006,28.4907286330452
FF68_CN158,-93.3908077827003,22.3473033845445,-97.897661120865
FF68_CN159,-51.7201410395869,-3.16673214888407,-60.32377531088
FF68_CN16,-118.352687165546,-72.1203031254453,43.783161680533
FF68_CN160,-119.875360462016,7.97912647509168,-53.3047501504045
FF68_CN161,-2.17000420687683,88.4100885592594,-162.405702969108
FF68_CN162,-80.6412839108219,48.5465319484202,-153.837249252729
FF68_CN163,-109.117247906344,-0.53638979917565,-49.7833083877812
FF68_CN164,40.4955120334238,11.8597669648485,-182.817794301483
FF68_CN165,-72.9152049087069,50.1128676621568,-137.875693676927
FF68_CN166,1575.07343209129,-104.795442107265,79.9818170394518
FF68_CN167,-79.9753400756429,38.6699149638467,-153.450686665561
FF68_CN168,-70.5952235869589,49.646262900056,-173.385033470526
FF68_CN169,-81.086376442544,44.9445629847813,-147.968474643984
FF68_CN17,-103.157174005541,-59.8815163820149,-36.169273826411
FF68_CN170,-90.6019018105579,576.877404575722,241.517806252121
FF68_CN18,-83.8987371434059,20.1697126796935,-146.632722657866
FF68_CN19,-64.8215999684797,44.7006153879235,-139.48138466134
FF68_CN2,-127.20857149897,-116.550352446613,90.1512609167384
FF68_CN20,-125.553659049517,-99.7830075586478,39.0223551049097
FF68_CN21,-78.9445747397434,-66.770312413671,8.80551919550975
FF68_CN22,-116.9401496129,-68.490302931289,-1.52287645812279
FF68_CN23,-9.79086033181163,6.29371957044427,-96.3558518981393
FF68_CN24,-24.2867670282506,49.6999574475818,-91.950530034141
FF68_CN25,-47.5658177588659,-82.004180355224,52.3713409319161
FF68_CN26,-81.0646203870271,23.5648069588266,-144.35471543948
FF68_CN27,-83.1320627934293,-16.0843625937172,-102.863522840837
FF68_CN28,-90.7507970394255,-23.8813562013333,-111.471514595277
FF68_CN29,-119.442743471874,-81.5012816788045,9.48192937306041
FF68_CN3,-99.4689578201472,432.863960398056,110.538929061429
FF68_CN30,-112.619720980126,-40.7740441777487,-31.0183421945211
FF68_CN31,-78.9050825922147,46.1953807157294,-164.715395253088
FF68_CN32,1438.5024567484,-68.5489636191954,87.7755351921995
FF68_CN33,-81.2397675607822,32.4284766374819,-187.465992385778
FF68_CN34,23.504647684537,2.41466234812288,-173.817246642071
FF68_CN35,-55.5972645660542,42.1689287646672,-128.092267717091
FF68_CN36,1565.20847051358,-102.181754105113,71.140468827099
FF68_CN37,-51.1754891548533,86.2216917186131,-153.774162822524
FF68_CN38,-80.5441653073611,50.9684558787077,-107.805017047588
FF68_CN39,-61.1361203587181,44.7214387428103,-169.237840595617
FF68_CN4,-94.1572376481394,490.392863846512,154.315606304147
FF68_CN40,-97.3754650053365,-58.6667072432269,-52.9362491689877
FF68_CN41,-22.9384962491913,67.95567968512,-156.617434190524
FF68_CN42,-51.8971622733395,60.1011334880012,-169.190553929474
FF68_CN43,-78.0441762365483,9.3194950105799,-134.107485560139
FF68_CN44,-70.6421753427832,34.3192790582095,-187.473453022665
FF68_CN45,-122.188124203478,-70.0940037312195,22.6108536211376
FF68_CN46,72.8387807026408,63.1448714292352,-159.302033782308
FF68_CN47,70.1204293311077,52.9088346193099,-147.438978244128
FF68_CN48,1188.07169591301,-58.6913009683267,-1.60227147438897
FF68_CN49,-24.1830660073119,32.8523077927853,-160.812281983983
FF68_CN5,-94.2503500584117,494.050852263721,155.862217695831
FF68_CN50,-62.2412345746215,69.6184835216693,-165.850287870051
FF68_CN51,-68.2057911888899,28.4075599045666,-204.742453364646
FF68_CN52,-62.2444705029221,92.673613382355,-164.211061173901
FF68_CN53,-81.1764382807367,0.76511940990037,-124.741641167509
FF68_CN54,-21.7067903090165,37.5410222369318,-159.064112979753
FF68_CN55,-65.5522491781803,69.8357727084169,-167.443442054279
FF68_CN56,-79.1588074700461,10.6104957480406,-137.051861536905
FF68_CN57,-79.0663823995701,44.485106133042,-140.308324305709
FF68_CN58,11.7283926286962,45.3321786058797,-156.480801236786
FF68_CN59,-94.5431509072258,301.538873661532,75.0434841247568
FF68_CN6,-157.101184070667,-164.232602634137,163.668448911382
FF68_CN60,-136.59490931869,-32.118385397444,24.9662978523233
FF68_CN61,-91.5976122944895,568.602210664387,241.228211871815
FF68_CN62,-91.0428393514216,575.15519408936,242.296828925788
FF68_CN63,-136.745601919658,-32.9274836766696,25.879529168991
FF68_CN64,-72.8434256812634,26.0892844199105,-173.933975731383
FF68_CN65,-78.6460067265791,51.7873103113229,-168.405808679883
FF68_CN66,-90.5227849106823,581.519595741252,243.551068563682
FF68_CN67,-100.775636132699,3.42931459949155,-93.3505779277456
FF68_CN68,-110.560788797831,33.3986862730056,-80.2991555902355
FF68_CN69,-80.091223823102,41.4784169415072,-161.272290137803
FF68_CN7,-127.884581764319,-68.2656478798944,13.0187479295828
FF68_CN70,-133.62689895569,-86.3251121405551,66.2721442252953
FF68_CN71,-75.7527781068567,56.2795078114485,-179.194886352368
FF68_CN72,-112.241629649412,351.762623220553,156.413378676076
FF68_CN73,-150.839429993285,-139.111915949611,108.551476328934
FF68_CN74,-157.141615594559,-164.604037754833,164.068202499731
FF68_CN75,-112.631495535382,34.4374099075078,-74.5289664599118
FF68_CN76,-157.363993371457,-164.892701104213,164.730231376075
FF68_CN77,-156.698155806046,-164.662114675648,164.140433691156
FF68_CN78,-125.757862554792,-43.0174638576066,5.35931429837137
FF68_CN79,55.1629678824792,-37.8279592863775,-32.1144607314947
FF68_CN8,-121.619544285972,-71.1143986290412,-33.175261388577
FF68_CN80,-137.086399247204,-122.310612811266,88.4964520061908
FF68_CN81,-133.22672839248,121.966313234154,68.2357538866476
FF68_CN82,-75.0280271888546,-14.8688945345345,-63.7701146953535
FF68_CN83,-136.897336703759,-50.432787469893,8.74379365986463
FF68_CN84,-133.204655718376,123.070975946357,68.1983167599018
FF68_CN85,-136.845975115013,-49.9337943489733,7.9586524806774
FF68_CN86,34.6451798398974,4.9671053523118,-18.9647933095896
FF68_CN87,-97.0731744206435,-33.6864180514747,-75.9744721924058
FF68_CN88,-80.0078578238084,33.4209708694034,-149.353476315508
FF68_CN89,-131.215970990836,-18.0338736328764,14.4194161466678
FF68_CN9,-40.4535770096292,8.34741040343167,-148.065726967381
FF68_CN90,-58.3975374828163,-109.755326814871,64.7378896871712
FF68_CN91,-81.2357563853312,-6.34658778058628,-142.532225386307
FF68_CN92,-125.12415811807,-64.0956239499335,-10.5532422326472
FF68_CN93,-45.1913207037454,26.8259210748405,-158.697279595333
FF68_CN94,-157.255310344045,-164.992749212179,164.513705493961
FF68_CN95,-157.26583478661,-164.7073330008,164.553398028939
FF68_CN96,-157.351915598282,-164.854618105582,164.963783441276
FF68_CN97,-157.403931507457,-164.855580576915,165.046475328206
FF68_CN98,-157.299519822221,-164.755388820745,164.615462811679
FF68_CN99,-157.270775179146,-165.207882942665,164.716154910191
