Sample_ID,Pop_ID,K1,K2
FF68_CN1,FF68_CN1,0.119,0.881
FF68_CN10,FF68_CN10,0,1
FF68_CN100,FF68_CN100,0,1
FF68_CN101,FF68_CN101,0,1
FF68_CN102,FF68_CN102,0,1
FF68_CN103,FF68_CN103,0,1
FF68_CN104,FF68_CN104,0,1
FF68_CN105,FF68_CN105,0.001,0.999
FF68_CN106,FF68_CN106,0,1
FF68_CN107,FF68_CN107,0,1
FF68_CN108,FF68_CN108,0,1
FF68_CN109,FF68_CN109,0,1
FF68_CN11,FF68_CN11,0,1
FF68_CN110,FF68_CN110,0,1
FF68_CN111,FF68_CN111,0,1
FF68_CN112,FF68_CN112,0,1
FF68_CN113,FF68_CN113,0,1
FF68_CN114,FF68_CN114,0,1
FF68_CN115,FF68_CN115,0,1
FF68_CN116,FF68_CN116,0,1
FF68_CN117,FF68_CN117,0,1
FF68_CN118,FF68_CN118,0.156,0.844
FF68_CN119,FF68_CN119,0,1
FF68_CN12,FF68_CN12,0.203,0.797
FF68_CN120,FF68_CN120,0.127,0.873
FF68_CN121,FF68_CN121,0.052,0.948
FF68_CN122,FF68_CN122,0.949,0.051
FF68_CN123,FF68_CN123,0.749,0.251
FF68_CN124,FF68_CN124,0.367,0.633
FF68_CN125,FF68_CN125,0.836,0.164
FF68_CN126,FF68_CN126,0.68,0.32
FF68_CN127,FF68_CN127,0.557,0.443
FF68_CN128,FF68_CN128,0.331,0.669
FF68_CN129,FF68_CN129,0.341,0.659
FF68_CN13,FF68_CN13,0.285,0.715
FF68_CN130,FF68_CN130,0.988,0.012
FF68_CN131,FF68_CN131,1,0
FF68_CN132,FF68_CN132,1,0
FF68_CN133,FF68_CN133,1,0
FF68_CN134,FF68_CN134,0.66,0.34
FF68_CN135,FF68_CN135,0.746,0.254
FF68_CN136,FF68_CN136,0.937,0.063
FF68_CN137,FF68_CN137,0.347,0.653
FF68_CN138,FF68_CN138,0.965,0.035
FF68_CN139,FF68_CN139,0.661,0.339
FF68_CN14,FF68_CN14,0.997,0.003
FF68_CN140,FF68_CN140,0.629,0.371
FF68_CN141,FF68_CN141,0.467,0.533
FF68_CN142,FF68_CN142,1,0
FF68_CN143,FF68_CN143,0.858,0.142
FF68_CN144,FF68_CN144,0.27,0.73
FF68_CN145,FF68_CN145,0.067,0.933
FF68_CN146,FF68_CN146,0,1
FF68_CN147,FF68_CN147,0.613,0.387
FF68_CN148,FF68_CN148,0,1
FF68_CN149,FF68_CN149,0.589,0.411
FF68_CN15,FF68_CN15,0,1
FF68_CN150,FF68_CN150,0.66,0.34
FF68_CN151,FF68_CN151,0.671,0.329
FF68_CN152,FF68_CN152,0,1
FF68_CN153,FF68_CN153,0.333,0.667
FF68_CN154,FF68_CN154,0.258,0.742
FF68_CN155,FF68_CN155,0.984,0.016
FF68_CN156,FF68_CN156,0,1
FF68_CN157,FF68_CN157,0.211,0.789
FF68_CN158,FF68_CN158,0.408,0.592
FF68_CN159,FF68_CN159,0.47,0.53
FF68_CN16,FF68_CN16,0.157,0.843
FF68_CN160,FF68_CN160,0.404,0.596
FF68_CN161,FF68_CN161,0.882,0.118
FF68_CN162,FF68_CN162,0.674,0.326
FF68_CN163,FF68_CN163,0.464,0.536
FF68_CN164,FF68_CN164,0.838,0.162
FF68_CN165,FF68_CN165,0.693,0.307
FF68_CN166,FF68_CN166,1,0
FF68_CN167,FF68_CN167,0.707,0.293
FF68_CN168,FF68_CN168,0.836,0.164
FF68_CN169,FF68_CN169,0.662,0.338
FF68_CN17,FF68_CN17,0.73,0.27
FF68_CN170,FF68_CN170,0.838,0.162
FF68_CN18,FF68_CN18,0.703,0.297
FF68_CN19,FF68_CN19,0.721,0.279
FF68_CN2,FF68_CN2,0.048,0.952
FF68_CN20,FF68_CN20,0.479,0.521
FF68_CN21,FF68_CN21,0.31,0.69
FF68_CN22,FF68_CN22,0.287,0.713
FF68_CN23,FF68_CN23,0.611,0.389
FF68_CN24,FF68_CN24,0.552,0.448
FF68_CN25,FF68_CN25,0.296,0.704
FF68_CN26,FF68_CN26,0.614,0.386
FF68_CN27,FF68_CN27,0.449,0.551
FF68_CN28,FF68_CN28,0.575,0.425
FF68_CN29,FF68_CN29,0.257,0.743
FF68_CN3,FF68_CN3,0.62,0.38
FF68_CN30,FF68_CN30,0.477,0.523
FF68_CN31,FF68_CN31,0.733,0.267
FF68_CN32,FF68_CN32,1,0
FF68_CN33,FF68_CN33,0.741,0.259
FF68_CN34,FF68_CN34,0.799,0.201
FF68_CN35,FF68_CN35,0.501,0.499
FF68_CN36,FF68_CN36,1,0
FF68_CN37,FF68_CN37,0.712,0.288
FF68_CN38,FF68_CN38,0.696,0.304
FF68_CN39,FF68_CN39,0.739,0.261
FF68_CN4,FF68_CN4,0.823,0.177
FF68_CN40,FF68_CN40,0.141,0.859
FF68_CN41,FF68_CN41,0.861,0.139
FF68_CN42,FF68_CN42,0.777,0.223
FF68_CN43,FF68_CN43,0.672,0.328
FF68_CN44,FF68_CN44,0.744,0.256
FF68_CN45,FF68_CN45,0.145,0.855
FF68_CN46,FF68_CN46,0.791,0.209
FF68_CN47,FF68_CN47,0.631,0.369
FF68_CN48,FF68_CN48,1,0
FF68_CN49,FF68_CN49,0.647,0.353
FF68_CN5,FF68_CN5,0.824,0.176
FF68_CN50,FF68_CN50,0.697,0.303
FF68_CN51,FF68_CN51,0.81,0.19
FF68_CN52,FF68_CN52,0.874,0.126
FF68_CN53,FF68_CN53,0.565,0.435
FF68_CN54,FF68_CN54,0.605,0.395
FF68_CN55,FF68_CN55,0.874,0.126
FF68_CN56,FF68_CN56,0.681,0.319
FF68_CN57,FF68_CN57,0.722,0.278
FF68_CN58,FF68_CN58,0.834,0.166
FF68_CN59,FF68_CN59,0.673,0.327
FF68_CN6,FF68_CN6,0,1
FF68_CN60,FF68_CN60,0.072,0.928
FF68_CN61,FF68_CN61,0.815,0.185
FF68_CN62,FF68_CN62,0.828,0.172
FF68_CN63,FF68_CN63,0.074,0.926
FF68_CN64,FF68_CN64,0.779,0.221
FF68_CN65,FF68_CN65,0.778,0.222
FF68_CN66,FF68_CN66,0.839,0.161
FF68_CN67,FF68_CN67,0.531,0.469
FF68_CN68,FF68_CN68,0.183,0.817
FF68_CN69,FF68_CN69,0.63,0.37
FF68_CN7,FF68_CN7,0.097,0.903
FF68_CN70,FF68_CN70,0.099,0.901
FF68_CN71,FF68_CN71,0.886,0.114
FF68_CN72,FF68_CN72,0.542,0.458
FF68_CN73,FF68_CN73,0,1
FF68_CN74,FF68_CN74,0,1
FF68_CN75,FF68_CN75,0.138,0.862
FF68_CN76,FF68_CN76,0,1
FF68_CN77,FF68_CN77,0,1
FF68_CN78,FF68_CN78,0.272,0.728
FF68_CN79,FF68_CN79,0.496,0.504
FF68_CN8,FF68_CN8,0.274,0.726
FF68_CN80,FF68_CN80,0.394,0.606
FF68_CN81,FF68_CN81,0.231,0.769
FF68_CN82,FF68_CN82,0.346,0.654
FF68_CN83,FF68_CN83,0,1
FF68_CN84,FF68_CN84,0.228,0.772
FF68_CN85,FF68_CN85,0,1
FF68_CN86,FF68_CN86,0.508,0.492
FF68_CN87,FF68_CN87,0.117,0.883
FF68_CN88,FF68_CN88,0.69,0.31
FF68_CN89,FF68_CN89,0.069,0.931
FF68_CN9,FF68_CN9,0.609,0.391
FF68_CN90,FF68_CN90,0.413,0.587
FF68_CN91,FF68_CN91,0.52,0.48
FF68_CN92,FF68_CN92,0.15,0.85
FF68_CN93,FF68_CN93,0.799,0.201
FF68_CN94,FF68_CN94,0,1
FF68_CN95,FF68_CN95,0,1
FF68_CN96,FF68_CN96,0,1
FF68_CN97,FF68_CN97,0,1
FF68_CN98,FF68_CN98,0,1
FF68_CN99,FF68_CN99,0,1